genename,logfc
TRS23,-1.727483
BET5,-0.661447
TRS33,-0.533542
BET3,-0.437131
TRS85,-0.185298
N/A,-0.153645
N/A,-0.090959
TRS31,0.02388
N/A,-0.980434
ATG18,0.726908
N/A,0.433895
N/A,0.79689
N/A,0.451865
N/A,-0.960973
N/A,0.488753
SED5,0.31509
PEP12,0.590836
UFE1,0.418484
VAM3,0.509933
N/A,0.432494
SEC3,-1.200321
SRO77,0.451961
SRO7,0.690346
N/A,0.394932
N/A,0.311387
N/A,0.607523
MDM1,-0.400438
N/A,0.361533
PEP8,0.29786
VPS45,0.328223
N/A,-0.596167
APS3,0.386604
N/A,1.095466
N/A,0.853538
N/A,-1.361626
N/A,-0.493892
N/A,-2.677478
BDH1,-0.790848
BDH2,-0.88404
YBL068W-A,-2.383886
AST1,-1.512505
ADH5,-1.32017
YCR102C,-1.066761
ADH7,-1.280063
SOR2,-0.946333
AST2,1.261444
SOR1,1.139552
XYL2,0.777988
YLR460C,-0.863866
ADH3,-0.775058
ADH2,
ADH6,
YNL134C,
ADH1,
N/A,
N/A,
N/A,
N/A,
N/A,
N/A,
N/A,
N/A,
N/A,
N/A,
N/A,
N/A,
N/A,
N/A,